City_ID,City,Lat,Lng,Max Temp,Humidity,Cloudiness,Wind Speed,Country,Date
0,tobol,52.6844,62.5794,262.02,99,68,1.97,KZ,1738433540
1,olonkinbyen,70.9221,-8.7187,273.74,94,100,18.98,SJ,1738433541
2,redencao,-4.2258,-38.7306,305.85,40,78,4.59,BR,1738433543
3,udachny,66.4167,112.4,235.75,100,99,2.14,RU,1738433544
4,port-aux-francais,-49.35,70.2167,278.31,78,89,4.34,TF,1738433545
5,waitangi,-43.9535,-176.5597,289.16,97,100,0.89,NZ,1738433546
6,yellowknife,62.456,-114.3525,243.38,92,84,4.47,CA,1738433547
7,port alfred,-33.5906,26.891,294.36,93,6,5.16,ZA,1738433548
8,anadyr,64.75,177.4833,256.43,84,100,2.0,RU,1738433550
9,port elizabeth,-33.918,25.5701,295.55,91,7,1.34,ZA,1738433551
10,chonchi,-42.6128,-73.8092,293.22,41,43,0.49,CL,1738433552
11,drawsko pomorskie,53.5306,15.8097,274.3,90,100,2.67,PL,1738433553
12,petropavlovsk-kamchatsky,53.0452,158.6483,257.83,81,98,5.06,RU,1738433555
13,susuman,62.7833,148.1667,229.23,99,83,0.34,RU,1738433556
14,grytviken,-54.2811,-36.5092,277.93,79,30,6.3,GS,1738433557
15,new norfolk,-42.7826,147.0587,285.88,89,50,1.32,AU,1738433558
16,adamstown,-25.066,-130.1015,297.65,71,87,7.76,PN,1738433559
17,badger,64.8,-147.5333,253.14,78,20,0.0,US,1738433560
18,kirando,-7.4167,30.6,296.95,75,60,1.06,TZ,1738433561
19,porto novo,6.4965,2.6036,301.52,68,52,3.14,BJ,1738433563
20,jaisalmer,26.9147,70.9181,290.58,22,0,3.99,IN,1738433564
21,natal,-5.795,-35.2094,304.51,55,20,6.17,BR,1738433565
22,iqaluit,63.7506,-68.5145,241.9,89,88,6.19,CA,1738433566
23,tiksi,71.6872,128.8694,241.82,99,100,4.41,RU,1738433567
24,kasama,-10.2129,31.1808,290.84,93,75,0.93,ZM,1738433568
25,cholpon-ata,42.6494,77.0823,266.55,54,36,4.43,KG,1738433570
26,klyuchi,52.2667,79.1667,263.17,94,100,6.15,RU,1738433571
27,rexburg,43.826,-111.7897,274.72,100,100,7.72,US,1738433572
28,sinabang,2.4803,96.3801,299.46,80,80,1.97,ID,1738433574
29,mao,39.8885,4.2658,281.46,76,20,3.09,ES,1738433575
30,papatowai,-46.5619,169.4708,283.24,83,80,2.91,NZ,1738433576
31,lihue,21.9789,-159.3672,288.92,88,0,2.06,US,1738433577
32,whitehorse,60.7161,-135.0538,237.59,99,84,1.27,CA,1738433578
33,port mathurin,-19.6833,63.4167,300.49,87,99,10.08,MU,1738433579
34,ylitornio,66.3089,23.6773,268.96,94,90,3.81,FI,1738433581
35,arraial do cabo,-22.9661,-42.0278,303.07,58,40,7.2,BR,1738433582
36,hawaiian paradise park,19.5933,-154.9731,295.87,97,100,2.06,US,1738433371
37,yuzhno-kurilsk,44.0306,145.8556,269.78,74,100,6.86,RU,1738433584
38,hithadhoo,-0.6,73.0833,301.18,77,100,4.25,MV,1738433585
39,tura,25.5198,90.2201,288.78,49,0,1.78,IN,1738433586
40,thompson,55.7435,-97.8558,253.39,86,100,1.78,CA,1738433588
41,jamestown,42.097,-79.2353,265.95,91,40,3.6,US,1738433590
42,enewetak,11.3474,162.3373,299.96,78,63,10.32,MH,1738433591
43,mar del plata,-38.0023,-57.5575,297.64,77,25,6.26,AR,1738433474
44,al ghayzah,16.2079,52.176,292.96,57,1,0.38,YE,1738433593
45,cockburn town,21.4612,-71.1419,298.47,84,0,7.76,TC,1738433594
46,bethel,41.3712,-73.414,273.56,57,0,7.72,US,1738433595
47,sanctuary point,-35.1114,150.629,290.17,96,7,1.93,AU,1738433597
48,meridian,43.6121,-116.3915,279.62,88,100,2.57,US,1738433407
49,tommot,58.9564,126.2925,247.55,99,100,0.61,RU,1738433599
50,cabo san lucas,22.8909,-109.9124,295.66,62,0,1.54,MX,1738433542
51,albany,42.6001,-73.9662,266.8,75,59,4.02,US,1738433603
52,codrington,-38.2667,141.9667,291.88,68,1,3.36,AU,1738433604
53,touros,-5.1989,-35.4608,303.39,57,14,6.11,BR,1738433605
54,lecheng,25.1238,113.3254,283.09,89,100,3.07,CN,1738433606
55,edinburgh of the seven seas,-37.0676,-12.3116,291.13,93,63,6.99,SH,1738433608
56,remire-montjoly,4.9167,-52.2667,303.17,62,75,6.17,GF,1738433609
57,puerto natales,-51.7236,-72.4875,291.4,39,75,8.75,CL,1738433610
58,blackmans bay,-43.0167,147.3167,290.22,83,36,1.23,AU,1738433611
59,fuerte olimpo,-21.0415,-57.8738,315.03,19,13,1.96,PY,1738433612
60,ancud,-41.8697,-73.8203,288.91,60,13,5.06,CL,1738433614
61,klaksvik,62.2266,-6.589,281.13,96,100,14.97,FO,1738433615
62,verkhniy baskunchak,48.2256,46.7217,274.44,72,100,3.85,RU,1738433616
63,howard springs,-12.497,131.047,302.1,86,100,3.96,AU,1738433617
64,holualoa,19.6228,-155.9522,293.63,82,9,1.5,US,1738433618
65,sur,22.5667,59.5289,292.43,57,0,3.44,OM,1738433619
66,yeosu,34.7546,127.6599,277.94,85,100,1.86,KR,1738433620
67,sesheke,-17.4759,24.2968,297.26,70,99,3.84,ZM,1738433622
68,koror,7.3398,134.4733,299.33,83,75,1.54,PW,1738433623
69,bredasdorp,-34.5322,20.0403,294.1,72,51,4.13,ZA,1738433624
70,glazov,58.1394,52.6584,273.1,93,100,4.3,RU,1738433625
71,punta arenas,-53.15,-70.9167,289.21,55,100,4.63,CL,1738433626
72,khandyga,62.6667,135.6,229.58,100,99,0.36,RU,1738433627
73,leh,34.1667,77.5833,253.85,78,51,2.53,IN,1738433629
74,bel ombre,-4.6167,55.4167,300.37,73,97,8.22,SC,1738433630
75,gatton,-27.55,152.2833,294.38,79,100,2.98,AU,1738433631
76,margaret river,-33.95,115.0667,287.16,93,30,3.71,AU,1738433632
77,wailua homesteads,22.0669,-159.378,288.59,88,0,2.06,US,1738433633
78,alofi,-19.0595,-169.9187,298.09,94,33,1.54,NU,1738433635
79,hechuan,29.9947,106.2572,281.92,94,100,1.63,CN,1738433636
80,kapa'a,22.0752,-159.319,289.33,88,0,2.06,US,1738433637
81,ushuaia,-54.8,-68.3,284.31,79,95,3.01,AR,1738433638
82,sveti nikole,41.8696,21.9527,279.62,67,100,1.24,MK,1738433639
83,vila franca do campo,37.7167,-25.4333,291.42,99,87,1.87,PT,1738433641
84,northam,51.0333,-4.2167,280.82,82,100,1.79,GB,1738433642
85,norala,6.5225,124.6592,297.14,92,100,0.7,PH,1738433644
86,weno,7.4515,151.8468,302.12,89,100,5.14,FM,1738433645
87,bucerias,20.75,-105.3333,297.14,60,0,3.09,MX,1738433647
88,juneau,58.3019,-134.4197,261.71,91,2,3.99,US,1738433648
89,ilulissat,69.2167,-51.1,263.16,85,75,9.77,GL,1738433649
90,huarmey,-10.0681,-78.1522,297.41,74,75,3.56,PE,1738433650
91,invercargill,-46.4,168.35,285.38,79,72,1.48,NZ,1738433651
92,puerto ayora,-0.7393,-90.3518,300.12,89,68,2.24,EC,1738433652
93,lerwick,60.1545,-1.1494,279.69,88,100,13.07,GB,1738433654
94,kodiak,57.79,-152.4072,271.88,93,0,2.57,US,1738433655
95,tamanrasset,22.785,5.5228,291.1,13,0,3.09,DZ,1738433656
96,pitimbu,-7.4706,-34.8086,301.56,67,23,4.65,BR,1738433657
97,ust-nera,64.5667,143.2,235.84,100,98,0.73,RU,1738433658
98,bilsanda,28.25,79.95,289.07,45,0,3.26,IN,1738433660
99,luderitz,-26.6481,15.1594,291.55,77,51,6.97,NA,1738433661
100,ciudad guayana,8.3533,-62.6528,303.92,44,59,5.08,VE,1738433662
101,mount pearl,47.5166,-52.7813,267.29,77,100,1.79,CA,1738433663
102,gereida,11.2811,25.1414,297.35,16,13,4.06,SD,1738433664
103,hamilton,39.1834,-84.5333,277.7,58,0,3.6,US,1738433665
104,fortuna,40.5982,-124.1573,284.78,96,20,4.63,US,1738433667
105,dudinka,69.4058,86.1778,239.81,100,35,1.58,RU,1738433668
106,aasiaat,68.7098,-52.8699,257.42,94,100,8.16,GL,1738433669
107,mejit,10.2753,170.8646,299.48,79,97,8.78,MH,1738433670
108,tongliao,43.6125,122.2653,257.24,94,53,1.33,CN,1738433672
109,east wenatchee bench,47.4257,-120.2812,277.7,48,0,1.54,US,1738433673
110,priozersk,61.0393,30.1291,272.64,85,81,3.86,RU,1738433674
111,coronel suarez,-37.4547,-61.9334,307.29,23,14,3.37,AR,1738433675
112,santa cruz,-17.8,-63.1667,308.18,55,40,6.17,BO,1738433465
113,kavaratti,10.5669,72.642,300.99,76,47,2.4,IN,1738433677
114,taroa,8.7058,171.2275,299.83,82,29,8.65,MH,1738433679
115,isafjordur,66.0755,-23.124,271.61,93,47,4.78,IS,1738433680
116,stanley,54.868,-1.6985,276.21,84,0,3.09,GB,1738433681
117,eyl,7.9803,49.8164,296.25,75,77,8.94,SO,1738433682
118,tatabanya,47.5849,18.3932,277.14,57,75,0.92,HU,1738433684
119,valdivia,-39.8142,-73.2459,296.2,36,0,3.6,CL,1738433475
120,college,64.8569,-147.8028,253.19,70,100,0.0,US,1738433686
121,wynyard,-41.0,145.7167,291.03,87,77,4.02,AU,1738433687
122,levuka,50.1834,-105.4011,267.67,92,100,1.58,CA,1738433688
123,welver,51.6167,7.9667,274.83,82,1,2.42,DE,1738433689
124,akrehamn,59.2667,5.1833,276.29,75,75,6.17,NO,1738433691
125,kayenta,36.7278,-110.2546,279.89,37,100,3.45,US,1738433692
126,bilibino,68.0546,166.4372,240.39,98,100,0.85,RU,1738433693
127,murghob,38.1702,73.9667,242.6,80,23,1.41,TJ,1738433694
128,shetpe,44.1667,52.1167,274.76,69,4,4.16,KZ,1738433695
129,kailua-kona,19.6406,-155.9956,295.7,82,8,1.89,US,1738433696
130,lebu,-37.6167,-73.65,290.24,66,0,7.88,CL,1738433698
131,usinsk,65.9939,57.5281,254.67,94,38,4.71,RU,1738433699
132,bandar lampung,-5.4254,105.258,296.43,95,90,2.11,ID,1738433700
133,avarua,-21.2078,-159.775,299.18,94,92,0.51,CK,1738433702
134,qarauyl,48.9451,79.255,261.45,79,100,9.01,KZ,1738433703
135,cuajinicuilapa,16.4667,-98.4167,307.13,31,1,3.7,MX,1738433704
136,utrik,11.2278,169.8474,299.58,68,49,8.36,MH,1738433705
137,georgetown,5.4112,100.3354,298.12,64,20,0.0,MY,1738433707
138,east london,-33.0153,27.9116,296.29,76,31,4.18,ZA,1738433708
139,venancio aires,-29.6064,-52.1919,307.13,36,16,1.4,BR,1738433709
140,chibougamau,49.9168,-74.3659,251.94,65,100,3.6,CA,1738433710
141,longyearbyen,78.2186,15.6401,274.06,69,40,7.2,SJ,1738433711
142,afaahiti,-17.75,-149.2833,299.57,78,99,6.45,PF,1738433713
143,zima,53.9202,102.0442,241.47,100,23,0.29,RU,1738433714
144,markovo,57.3206,107.0881,241.36,100,96,0.99,RU,1738433715
145,rio rancho,35.2334,-106.6645,281.98,31,0,3.09,US,1738433475
146,sogndal,61.2283,7.1003,270.36,68,100,1.54,NO,1738433717
147,labytnangi,66.6572,66.4183,252.13,96,100,5.72,RU,1738433718
148,emerald,-23.5333,148.1667,296.12,100,100,7.42,AU,1738433720
149,minas de marcona,-15.2119,-75.1103,296.54,55,97,5.16,PE,1738433721
150,makum,27.5,95.45,287.49,77,47,0.63,IN,1738433722
151,anapa,44.8908,37.3239,275.34,100,100,1.0,RU,1738433723
152,grand falls-windsor,48.9332,-55.6649,267.32,61,89,2.24,CA,1738433725
153,hasaki,35.7333,140.8333,281.01,78,100,6.8,JP,1738433726
154,atraulia,26.3333,82.95,289.53,49,0,2.49,IN,1738433727
155,ribeira grande,38.5167,-28.7,290.37,59,20,5.66,PT,1738433728
156,qaqortoq,60.7167,-46.0333,261.01,79,37,0.39,GL,1738433729
157,tsiombe,-25.3,45.4833,297.09,81,39,2.91,MG,1738433730
158,sal rei,16.1833,-22.9167,296.26,56,20,10.8,CV,1738433732
159,villa gesell,-37.2639,-56.973,296.44,71,63,6.59,AR,1738433733
160,ergli,56.8975,25.6367,273.19,88,100,3.57,LV,1738433734
161,banda aceh,5.5577,95.3222,297.5,82,87,2.75,ID,1738433735
162,vadso,70.0744,29.7487,273.24,86,100,8.23,NO,1738433736
163,shiprock,36.7855,-108.687,280.8,31,99,3.53,US,1738433738
164,arcen,51.4767,6.1806,275.99,87,1,3.01,NL,1738433739
165,santa elena de uairen,4.6167,-61.1333,298.83,49,78,2.08,VE,1738433740
166,santa sylvina,-27.8326,-61.1375,309.86,22,0,2.32,AR,1738433741
167,muar,2.0442,102.5689,297.9,86,99,3.13,MY,1738433742
168,pizarro,4.9533,-77.366,298.83,91,100,3.68,CO,1738433744
169,tazovsky,67.4667,78.7,245.38,92,88,4.15,RU,1738433746
170,san lorenzo de esmeraldas,1.2883,-78.8369,300.96,77,86,3.63,EC,1738433747
171,hadibu,12.65,54.0333,295.41,68,61,6.01,YE,1738433748
172,basco,20.4487,121.9702,296.92,93,54,7.02,PH,1738433749
173,obo,5.3998,26.4869,299.6,24,8,1.15,CF,1738433750
174,rio gallegos,-51.6226,-69.2181,292.53,29,100,5.94,AR,1738433616
175,tual,-5.6667,132.75,300.61,81,100,10.54,ID,1738433753
176,alice springs,-23.7,133.8833,299.9,19,0,4.12,AU,1738433754
177,punta del este,-34.9667,-54.95,300.21,78,20,6.17,UY,1738433755
178,caconda,-13.7333,15.0667,289.84,88,99,2.27,AO,1738433756
179,tocopilla,-22.092,-70.1979,296.73,71,6,3.09,CL,1738433758
180,west island,-12.1568,96.8225,301.14,83,100,5.14,CC,1738433759
181,hilo,19.7297,-155.09,295.99,91,14,1.34,US,1738433486
182,ciudad lazaro cardenas,17.9583,-102.2,302.52,51,0,2.54,MX,1738433761
183,pisco,-13.7,-76.2167,296.18,78,0,5.14,PE,1738433762
184,mitu,1.1983,-70.1733,306.4,43,95,1.51,CO,1738433764
185,la libertad,-2.2333,-80.9,301.96,70,20,2.57,EC,1738433765
186,ilanskiy,56.2358,96.065,243.51,100,56,0.9,RU,1738433766
187,san rafael,-34.6177,-68.3301,306.71,25,0,3.91,AR,1738433627
188,kamloops,50.6665,-120.3192,270.14,75,99,0.89,CA,1738433538
189,haiku-pauwela,20.9219,-156.3051,294.37,95,100,2.24,US,1738433770
190,yarkovo,57.4028,67.0786,269.38,99,98,1.36,RU,1738433771
191,qionghu,28.843,112.3522,277.48,94,100,4.69,CN,1738433772
192,eydhafushi,5.1033,73.0708,300.89,79,68,5.65,MV,1738433773
193,pujehun,7.3581,-11.7208,304.01,49,99,2.85,SL,1738433775
194,muisne,0.6,-80.0333,300.87,74,73,5.08,EC,1738433776
195,hermanus,-34.4187,19.2345,294.71,81,15,3.38,ZA,1738433777
196,nouadhibou,20.931,-17.0347,298.14,33,0,5.66,MR,1738433778
197,zdvinsk,54.7021,78.661,258.93,95,100,4.35,RU,1738433780
198,constantia,44.1833,28.65,279.65,81,99,5.21,RO,1738433781
199,chernyshevskiy,63.0128,112.4714,243.93,98,100,1.03,RU,1738433782
200,tweed heads,-28.1817,153.547,296.17,78,75,4.12,AU,1738433784
201,khabarovsk vtoroy,48.4431,135.1356,253.29,92,99,2.0,RU,1738433785
202,mbekenyera,-10.0,38.9833,295.3,98,100,2.01,TZ,1738433786
203,port saint john's,-31.6229,29.5448,295.88,90,100,3.55,ZA,1738433787
204,qamdo,31.1667,97.2333,269.77,52,1,2.78,CN,1738433788
205,tazacorte,28.629,-17.9293,293.23,74,40,7.2,ES,1738433790
206,pangkalanbuun,-2.6833,111.6167,296.5,86,100,0.92,ID,1738433791
207,kill devil hills,36.0307,-75.676,283.16,73,0,9.26,US,1738433792
208,la passe,45.5549,-0.8967,278.93,75,2,3.69,FR,1738433793
209,moissala,8.3404,17.7663,301.48,16,83,2.19,TD,1738433794
210,swakopmund,-22.6833,14.5333,292.06,82,46,7.36,NA,1738433796
211,karatas,36.582,35.3701,287.99,61,17,1.42,TR,1738433797
212,colonia,50.9333,6.95,275.35,85,0,3.09,DE,1738433798
213,cidreira,-30.1811,-50.2056,298.81,70,19,3.97,BR,1738433799
214,ad dabbah,18.05,30.95,296.3,24,17,4.05,SD,1738433800
215,urangan,-25.3,152.9,298.86,71,100,9.58,AU,1738433802
216,vernon,50.2581,-119.2691,272.89,62,11,1.03,CA,1738433803
217,kidal,18.4411,1.4078,297.17,12,88,2.83,ML,1738433804
218,cadale,2.7603,46.3222,297.69,80,71,9.92,SO,1738433806
219,ixtapa,20.7,-105.2,296.72,60,0,3.09,MX,1738433807
220,oltinko'l,40.8011,72.1634,273.95,62,1,2.91,UZ,1738433809
221,kingscliff,-28.2667,153.5667,296.04,78,75,4.12,AU,1738433810
222,mugia,43.1041,-9.2179,286.43,95,100,1.64,ES,1738433811
223,huanggang,23.677,116.9996,289.67,82,85,3.13,CN,1738433813
224,praya,14.9215,-23.5087,296.45,56,20,10.29,CV,1738433816
225,nelson,-41.2833,173.2833,290.53,90,84,0.45,NZ,1738433817
226,nadym,65.5333,72.5167,247.45,98,27,3.81,RU,1738433820
227,kenai,60.5544,-151.2583,259.9,82,0,3.09,US,1738433601
228,la sierpe,21.7717,-79.2684,306.54,36,23,3.15,CU,1738433822
229,gamba,-2.65,10.0,299.47,84,100,3.0,GA,1738433823
230,kindu,-2.95,25.95,297.84,69,72,1.45,CD,1738433824
231,hami,42.8,93.45,268.92,53,97,1.71,CN,1738433826
232,monrovia,6.3005,-10.7969,300.71,79,95,4.93,LR,1738433827
233,kruisfontein,-34.0033,24.7314,292.43,84,4,2.46,ZA,1738433828
234,bouznika,33.7894,-7.1597,287.01,71,40,2.57,MA,1738433829
235,bulolo,-7.2,146.65,295.99,97,100,0.44,PG,1738433830
236,fauske,67.2588,15.3918,264.59,89,34,3.19,NO,1738433832
237,labrador city,52.9463,-66.9114,250.1,64,40,5.14,CA,1738433833
238,dunedin,-45.8742,170.5036,285.26,97,97,3.13,NZ,1738433834
239,iskateley,67.6803,53.1512,253.59,99,50,4.4,RU,1738433835
240,buenaventura,3.8801,-77.0312,301.21,83,40,2.57,CO,1738433836
241,nova sintra,14.8667,-24.7167,295.87,66,0,10.98,CV,1738433837
242,zhangye,38.9342,100.4517,265.22,57,74,2.46,CN,1738433839
243,nevada,39.2502,-116.7512,275.38,73,100,2.9,US,1738433840
244,revda,56.801,59.9303,272.71,95,100,3.28,RU,1738433841
245,nyandoma,61.669,40.1991,273.22,98,100,3.33,RU,1738433842
246,saurimo,-9.6608,20.3916,292.19,95,87,1.6,AO,1738433843
247,carnarvon,-24.8667,113.6333,302.4,58,22,12.37,AU,1738433845
248,atafu village,-8.5421,-172.5159,300.77,78,43,6.59,TK,1738433846
249,kishtwar,33.3167,75.7667,277.73,61,38,2.49,IN,1738433847
250,gidam,18.9833,81.4,294.08,41,46,0.58,IN,1738433848
251,lorengau,-2.0226,147.2712,300.49,81,89,2.59,PG,1738433849
252,summerside,46.3959,-63.7876,262.22,67,99,6.17,CA,1738433850
253,mogocha,53.7333,119.7667,252.74,99,100,1.0,RU,1738433852
254,talnakh,69.4865,88.3972,243.63,96,25,1.64,RU,1738433853
255,severo-yeniseyskiy,60.3725,93.0408,240.09,100,41,1.45,RU,1738433854
256,pochinki,54.6988,44.8668,274.39,98,100,5.89,RU,1738433855
257,nuuk,64.1835,-51.7216,265.49,93,75,4.12,GL,1738433857
258,egilsstadir,65.2653,-14.3948,281.1,49,40,12.35,IS,1738433858
259,manokwari,-0.8667,134.0833,298.06,89,100,2.15,ID,1738433859
260,saint-pie,45.5001,-72.8991,256.97,54,24,1.54,CA,1738433860
261,camana,-16.6228,-72.7111,296.81,80,87,3.64,PE,1738433861
262,jiwani,25.05,61.7417,292.98,27,0,3.45,PK,1738433863
263,kalispell,48.1958,-114.3129,277.25,70,75,6.69,US,1738432973
264,charters towers,-20.1,146.2667,293.86,92,100,10.74,AU,1738433865
265,cold lake,54.4502,-110.2017,256.12,78,100,3.09,CA,1738433866
266,karratha,-20.7377,116.8463,303.92,73,28,6.27,AU,1738433867
267,nar'yan-mar,67.6713,53.087,253.74,99,54,4.46,RU,1738433869
268,miranda,3.2499,-76.2281,300.56,66,70,1.87,CO,1738433870
269,yelan'-koleno,51.1523,41.2306,276.35,79,100,5.23,RU,1738433872
270,muynoq,43.7683,59.0214,274.5,77,76,3.65,UZ,1738433874
271,fort bragg,35.139,-79.006,291.94,43,0,4.12,US,1738433875
272,manismata,-2.4667,111.0333,296.08,88,100,1.1,ID,1738433876
273,kununurra,-15.7667,128.7333,301.14,89,92,1.03,AU,1738433877
274,motueka,-41.1333,173.0167,290.98,82,84,1.46,NZ,1738433878
275,sulak,43.2734,47.5146,278.89,84,72,5.73,RU,1738433880
276,tefe,-3.3542,-64.7114,301.21,89,40,2.57,BR,1738433881
277,rongelap,11.1635,166.8941,299.48,74,51,8.83,MH,1738433882
278,azangaro,-14.9167,-70.2167,287.09,49,99,2.08,PE,1738433883
279,anori,-3.7728,-61.6442,303.28,66,84,1.76,BR,1738433884
280,cascais,38.6979,-9.4215,288.43,82,75,4.47,PT,1738433886
281,praia,14.9215,-23.5087,296.45,56,20,10.29,CV,1738433816
282,laguna,38.421,-121.4238,284.38,92,100,6.17,US,1738433888
283,lata,40.1629,-8.3327,283.25,97,91,1.56,PT,1738433889
284,koryazhma,61.3143,47.1691,273.81,99,100,1.26,RU,1738433890
285,las palmas,28.4204,-14.0131,290.59,63,20,6.17,ES,1738433892
286,puerto cabezas,14.0351,-83.3888,303.13,74,40,6.17,NI,1738433893
287,ceara mirim,-5.6344,-35.4256,304.53,55,20,6.17,BR,1738433894
288,olyokminsk,60.3736,120.4264,251.09,99,100,1.29,RU,1738433895
289,namsos,64.4662,11.4957,271.1,93,100,2.06,NO,1738433897
290,kamensk-ural'skiy,56.4185,61.9329,273.11,94,100,2.94,RU,1738433898
291,rio grande,-32.035,-52.0986,299.47,61,2,4.34,BR,1738433899
292,howrah,22.5892,88.3103,297.15,88,40,0.0,IN,1738433900
293,ulladulla,-35.35,150.4667,290.57,95,9,1.52,AU,1738433902
294,tuy hoa,13.0833,109.3,291.02,95,68,1.08,VN,1738433903
295,les cayes,18.2,-73.75,301.06,70,62,6.67,HT,1738433904
296,puerto aysen,-45.4,-72.7,289.54,61,59,2.46,CL,1738433905
297,queenstown,-31.8976,26.8753,291.74,83,2,5.98,ZA,1738433907
298,abuja,9.0574,7.4898,303.82,14,47,1.33,NG,1738433908
299,callao,-12.0667,-77.15,299.31,65,20,4.63,PE,1738433909
300,yanchep,-31.55,115.6833,293.49,87,8,2.56,AU,1738433910
301,alpena,45.0617,-83.4327,265.22,71,100,0.89,US,1738433911
302,sokoni,-6.4333,39.55,300.27,79,28,5.55,TZ,1738433913
303,katima mulilo,-17.5,24.2667,297.36,69,99,4.0,NA,1738433914
304,geraldton,-28.7667,114.6,295.38,83,0,3.6,AU,1738433915
305,warman,52.3168,-106.5679,261.1,84,100,4.63,CA,1738433916
306,ellenbrook,-31.7827,115.9666,296.81,79,6,1.0,AU,1738433918
307,balaipungut,1.05,101.2833,296.97,95,100,1.07,ID,1738433919
308,tevriz,57.509,72.4042,259.01,98,94,1.56,RU,1738433920
309,south hedland,-20.4089,118.5983,303.11,84,73,2.57,AU,1738433922
310,saanen,46.4896,7.2596,275.04,95,85,1.86,CH,1738433923
311,mossoro,-5.1875,-37.3442,306.12,52,75,7.2,BR,1738433924
312,sisimiut,66.9395,-53.6735,256.4,97,100,4.92,GL,1738433925
313,baruun-urt,46.6806,113.2792,250.88,89,8,2.83,MN,1738433927
314,port augusta,-32.5,137.7667,297.62,38,14,4.0,AU,1738433928
315,fort mcmurray,56.7268,-111.381,250.88,77,100,6.69,CA,1738433602
316,ulsteinvik,62.3432,5.8487,275.65,74,98,2.79,NO,1738433930
317,kozina,45.61,13.9356,279.06,61,90,2.59,SI,1738433931
318,gitarama,-2.0744,29.7567,290.51,75,97,1.27,RW,1738433933
319,ciudad bolivar,8.1222,-63.5497,309.3,27,29,4.96,VE,1738433934
320,maua,-23.6678,-46.4614,299.31,80,99,3.2,BR,1738433935
321,uturoa,-16.7333,-151.4333,300.87,77,30,5.9,PF,1738433937
322,walvis bay,-22.9575,14.5053,292.43,77,27,8.88,NA,1738433938
323,salta,-24.7859,-65.4117,305.14,52,40,3.13,AR,1738433940
324,medicine hat,50.0501,-110.6683,263.55,84,100,8.23,CA,1738433914
325,launceston,-41.45,147.1667,287.95,88,20,2.06,AU,1738433943
326,warrnambool,-38.3833,142.4833,291.9,73,0,3.62,AU,1738433944
327,nora,59.5193,15.0398,270.29,91,4,1.81,SE,1738433945
328,acarau,-2.8856,-40.12,302.69,63,100,6.4,BR,1738433946
329,saldanha,-33.0117,17.9442,292.31,86,19,7.45,ZA,1738433948
330,kichmengskiy gorodok,59.9816,45.7854,273.83,100,100,2.38,RU,1738433949
331,gurun,5.8172,100.4738,292.38,81,97,1.53,MY,1738433950
332,greymouth,-42.4667,171.2,284.22,94,61,1.82,NZ,1738433951
333,st. john's,47.5649,-52.7093,267.75,75,75,4.12,CA,1738433883
334,vorgashor,67.5833,63.95,253.72,93,99,2.81,RU,1738433954
335,priargunsk,50.3691,119.1012,238.23,100,87,0.26,RU,1738433956
336,tofol,5.3248,163.0078,300.55,78,91,9.48,FM,1738433957
337,teghra,25.4833,85.95,289.39,48,0,2.02,IN,1738433959
338,dompu,-8.5356,118.4622,296.8,95,100,0.79,ID,1738433960
339,ikryanoye,46.0932,47.7308,271.14,78,12,3.9,RU,1738433961
340,amga,60.8953,131.9608,237.28,100,100,0.29,RU,1738433870
341,mata-utu,-13.2816,-176.1745,301.31,78,87,6.57,WF,1738433964
342,trincomalee,8.5711,81.2335,299.77,79,21,4.95,LK,1738433965
343,buala,-8.145,159.5921,300.35,78,100,4.3,SB,1738433966
344,houlton,46.1262,-67.8403,263.55,47,0,6.17,US,1738433968
345,turabah,21.2141,41.6331,292.86,34,2,3.03,SA,1738433969
346,maintirano,-18.0667,44.0167,301.28,81,82,2.49,MG,1738433970
347,tarko-sale,64.9225,77.785,251.94,97,100,5.03,RU,1738433973
348,itanhem,-17.1664,-40.33,305.95,44,100,3.17,BR,1738433974
349,dalnegorsk,44.5604,135.5701,256.53,87,13,2.24,RU,1738433975
350,vylkove,45.4021,29.586,278.29,83,88,4.26,UA,1738433976
351,tsumeb,-19.2333,17.7167,298.97,31,2,0.14,NA,1738433978
352,whitecourt,54.1502,-115.6855,249.73,64,75,9.26,CA,1738433979
353,kourou,5.1552,-52.6478,300.57,65,60,3.54,GF,1738433980
354,dongola,19.1667,30.4833,295.17,16,11,5.49,SD,1738433981
355,barabai,-2.5833,115.3833,296.98,88,100,0.74,ID,1738433983
356,maitum,6.0392,124.4986,298.54,83,100,1.66,PH,1738433984
357,totana,37.7688,-1.5023,285.0,49,33,1.09,ES,1738433985
358,nioki,-2.7167,17.6833,301.48,46,37,0.67,CD,1738433986
359,roccella ionica,38.322,16.4009,286.77,82,90,4.2,IT,1738433987
360,lazaro cardenas,17.9583,-102.2,302.52,51,0,2.54,MX,1738433761
361,port lincoln,-34.7333,135.8667,293.86,71,45,3.4,AU,1738433990
362,broken hill,-31.95,141.4333,301.55,35,21,3.76,AU,1738433993
363,aykhal,66.0,111.5,238.2,100,99,3.06,RU,1738433994
364,isangel,-19.55,169.2667,297.81,94,100,7.37,VU,1738433995
365,mukalla,14.5425,49.1242,295.36,63,1,0.42,YE,1738433996
366,garoowe,8.4054,48.4845,295.94,45,27,8.97,SO,1738433998
367,aurora,39.7294,-104.8319,283.46,32,75,0.89,US,1738433987
368,arno,60.1167,18.6333,271.12,81,7,3.71,SE,1738434000
369,yen vinh,18.6667,105.6667,291.74,98,36,2.45,VN,1738434001
370,hillview,38.0698,-85.6855,280.34,49,0,4.12,US,1738434002
371,inhambane,-23.865,35.3833,299.13,77,47,4.31,MZ,1738434004
372,sorsk,54.0033,90.2467,252.94,98,72,1.67,RU,1738434006
373,berezovyy,51.6667,135.7,253.36,99,100,0.67,RU,1738434007
374,bonthe,7.5264,-12.505,302.08,59,99,5.04,SL,1738434008
375,katsuura,35.1333,140.3,281.67,89,100,6.6,JP,1738434010
376,ouarzazat,30.9189,-6.8934,288.31,8,0,7.2,MA,1738434011
377,igrim,63.1906,64.4162,256.06,97,100,1.67,RU,1738434012
378,kirakira,-10.4544,161.9205,299.15,89,100,6.37,SB,1738434013
379,thunder bay,48.4001,-89.3168,256.14,78,100,0.51,CA,1738434016
380,keflavik,64.0049,-22.5624,277.39,75,75,10.29,IS,1738434017
381,westport,41.1415,-73.3579,275.23,49,0,10.29,US,1738433948
382,khorugh,37.4897,71.553,248.31,78,22,1.05,TJ,1738434019
383,kirensk,57.7853,108.1119,242.03,100,94,0.74,RU,1738434021
384,villa ojo de agua,-29.5,-63.6938,305.26,29,0,3.71,AR,1738434023
385,mchinji,-13.7984,32.8802,291.99,93,94,0.4,MW,1738434024
386,asubulaq,49.5583,83.0558,258.73,89,69,2.76,KZ,1738434025
387,shimoda,34.6667,138.95,280.35,90,100,3.02,JP,1738434026
388,hovd,48.0056,91.6419,252.66,75,30,2.49,MN,1738434027
389,kone,-21.0595,164.8658,297.73,87,44,2.2,NC,1738434028
390,soe,-9.8607,124.284,293.77,82,98,2.41,ID,1738434030
391,guane,22.2025,-84.0875,303.76,36,17,4.03,CU,1738434031
392,nogliki,51.8333,143.1667,246.73,96,96,2.36,RU,1738434033
393,samarinda,-0.5,117.15,296.03,92,100,0.54,ID,1738434034
394,kapuskasing,49.4169,-82.4331,255.15,60,56,1.03,CA,1738434035
395,elko,41.0002,-115.5012,277.12,92,100,3.58,US,1738434036
396,paramonga,-10.6667,-77.8333,297.44,73,93,3.5,PE,1738434038
397,tralee,52.2704,-9.7026,285.29,87,40,3.09,IE,1738434039
398,vilyuchinsk,52.9306,158.4028,260.3,82,97,4.65,RU,1738434040
399,kinna,57.5073,12.6946,271.89,74,0,0.91,SE,1738434041
400,luwuk,-0.9516,122.7875,295.7,84,100,1.64,ID,1738434043
401,benguela,-12.5763,13.4055,299.15,82,97,3.48,AO,1738434044
402,fale old settlement,-9.3852,-171.2468,300.8,79,57,6.53,TK,1738434045
403,tangalle,6.024,80.7911,297.31,90,95,4.53,LK,1738434046
404,saudarkrokur,65.7461,-19.6394,274.79,81,34,10.08,IS,1738434047
405,iwanai,42.9744,140.5089,271.75,78,100,4.35,JP,1738434048
406,parnamirim,-5.9156,-35.2628,304.34,58,20,5.66,BR,1738434050
407,loughrea,53.1969,-8.5669,283.01,93,100,7.27,IE,1738434051
408,souillac,-20.5167,57.5167,300.36,94,75,5.66,MU,1738434052
409,topolobampo,25.6,-109.05,293.1,60,0,5.14,MX,1738434053
410,kristiansund,63.1115,7.732,273.51,69,100,3.6,NO,1738434055
411,turkmenbasy,40.0222,52.9552,275.58,93,20,2.06,TM,1738434056
412,san borja,-14.8167,-66.85,303.91,65,100,2.12,BO,1738434057
413,karamay,45.6004,84.8661,263.64,82,31,1.61,CN,1738434058
414,nova vicosa,-17.8919,-39.3719,303.36,61,64,7.56,BR,1738434059
415,tadjourah,12.0,42.5,295.12,51,62,5.42,DJ,1738434061
416,puerto baquerizo moreno,-0.9,-89.6,303.7,62,20,5.14,EC,1738434062
417,lompoc,34.6391,-120.4579,289.34,72,75,2.57,US,1738434063
418,talakan,50.3167,130.3667,252.68,100,100,0.65,RU,1738434064
419,vicksburg,32.3526,-90.8779,290.81,59,0,2.06,US,1738434065
420,mizque,-17.941,-65.3402,300.45,33,0,3.93,BO,1738434066
421,silver city,32.7701,-108.2803,287.96,14,67,3.13,US,1738434068
422,vrangel',42.7297,133.0839,264.67,62,60,2.68,RU,1738434069
423,chinde,26.8212,87.7095,287.86,64,0,2.99,NP,1738434070
424,borogontsy,62.6683,131.1683,230.98,100,98,0.34,RU,1738434071
425,galliano,29.4422,-90.2992,291.15,48,0,2.06,US,1738434072
426,sovetskaya gavan',48.9723,140.2878,250.83,96,39,2.17,RU,1738434074
427,ubari,26.5921,12.7805,292.63,19,100,1.89,LY,1738434075
428,sao felix do xingu,-6.6447,-51.995,301.59,79,33,0.69,BR,1738434076
429,ocean shores,46.9737,-124.1563,278.72,81,100,4.02,US,1738433900
430,grinnell,41.743,-92.7224,277.14,75,40,9.77,US,1738434078
431,kirtipur,27.6667,85.2833,283.11,66,20,1.54,NP,1738434080
432,newman,37.3138,-121.0208,286.51,85,100,1.79,US,1738434081
433,moyale,3.5167,39.0584,297.17,29,14,5.51,KE,1738434082
434,fukuecho,32.6881,128.8419,284.71,77,100,13.87,JP,1738434083
435,ketchikan,55.3422,-131.6461,267.14,38,20,4.63,US,1738434052
436,kalmunai,7.4167,81.8167,298.1,85,11,3.51,LK,1738434086
437,ballina,-28.8667,153.5667,296.26,74,86,5.36,AU,1738434087
438,usogorsk,63.4106,48.6872,269.52,96,98,1.41,RU,1738434088
439,saint-pierre,-21.3393,55.4781,301.97,79,20,8.75,RE,1738434089
440,cruzeiro do sul,-29.5128,-51.9853,305.64,66,5,2.11,BR,1738434090
441,paragominas,-2.9667,-47.4833,299.13,92,94,1.64,BR,1738434092
442,cururupu,-1.8283,-44.8683,299.94,74,87,2.16,BR,1738434093
443,azov,47.1078,39.4165,277.97,80,100,1.69,RU,1738434094
444,camacupa,-12.0167,17.4833,291.09,94,99,0.41,AO,1738434096
445,coquimbo,-29.9533,-71.3436,294.81,60,75,6.69,CL,1738434097
446,san luis de la loma,17.2706,-100.8939,302.41,47,96,3.18,MX,1738434098
447,ponta delgada,37.7333,-25.6667,291.59,63,20,6.17,PT,1738434099
448,qiqihar,47.3408,123.9672,247.45,100,86,1.6,CN,1738434101
449,igarka,67.4667,86.5833,242.65,97,79,1.96,RU,1738434102
450,betio village,1.358,172.9211,300.17,83,83,8.19,KI,1738434103
451,bom jesus,-9.0744,-44.3586,301.82,69,82,2.17,BR,1738434104
452,na wa,17.4897,104.1006,294.81,43,4,1.97,TH,1738434105
453,kisangani,0.5167,25.2,301.56,41,56,1.19,CD,1738434107
454,crane,31.3974,-102.3501,291.23,17,0,4.19,US,1738434108
455,fada,7.25,4.0667,303.11,52,55,2.52,NG,1738434109
456,thinadhoo,0.5333,72.9333,301.23,76,100,4.31,MV,1738434113
457,butembo,0.15,29.2833,292.86,50,89,0.8,CD,1738434114
458,pesqueira,-8.3578,-36.6964,304.07,30,4,4.98,BR,1738434115
459,polyarnyy,69.1989,33.4478,268.77,86,94,6.64,RU,1738434116
460,filingue,14.3521,3.3168,299.74,13,100,2.72,NE,1738434118
461,namibe,-15.1961,12.1522,295.94,79,100,2.29,AO,1738434119
462,lisala,2.15,21.5167,299.5,31,58,1.44,CD,1738434120
463,port-gentil,-0.7193,8.7815,302.13,79,40,4.12,GA,1738434121
464,san andres,12.5847,-81.7006,303.16,74,20,8.23,CO,1738434122
465,goba,7.0167,39.9833,284.61,47,7,1.69,ET,1738434124
466,selfoss,63.9331,-20.9971,276.51,80,100,14.13,IS,1738434125
467,rumbek,6.802,29.6912,304.42,21,10,1.56,SS,1738434126
468,syzran',53.1585,48.4681,274.37,97,100,3.16,RU,1738434127
469,kermit,31.8576,-103.0927,289.06,20,0,2.57,US,1738433917
470,akureyri,65.6835,-18.0878,277.11,70,75,7.2,IS,1738434130
471,kuta,-8.7233,115.1723,299.12,94,20,0.51,ID,1738434131
472,arawa,-6.2132,155.5367,299.06,85,100,1.11,PG,1738434132
473,anna regina,7.2644,-58.5077,299.94,71,74,4.22,GY,1738434133
474,kingston,17.997,-76.7936,302.68,70,40,4.63,JM,1738434123
475,grantsville,40.5999,-112.4644,279.98,70,100,4.47,US,1738434136
476,vila velha,-20.3297,-40.2925,303.12,66,20,8.75,BR,1738434137
477,rocky mountain house,52.3668,-114.9188,252.21,84,100,4.12,CA,1738434138
478,veinticinco de mayo,-35.4323,-60.1727,311.32,18,1,2.5,AR,1738434139
479,salym,60.0625,71.4789,254.4,100,95,1.09,RU,1738434141
480,darwin,-12.4611,130.8418,302.14,87,75,4.47,AU,1738434142
481,ponnamaravati,10.3,78.55,296.24,88,89,1.16,IN,1738434143
482,kyzyl-suu,42.3414,78.0056,262.98,54,25,5.22,KG,1738434145
483,ribera,37.4984,13.2642,286.29,72,73,7.46,IT,1738434146
484,paphos,34.7667,32.4167,285.03,94,20,3.09,CY,1738434147
485,pangody,65.85,74.4859,246.94,98,53,3.75,RU,1738434148
486,sandnessjoen,66.0217,12.6316,271.92,85,6,5.82,NO,1738434149
487,vanimo,-2.6741,141.3028,298.74,89,100,2.09,PG,1738434151
488,kalevala,65.2,31.1667,268.44,94,99,3.96,RU,1738434152
489,maych'ew,12.7875,39.5422,285.46,64,25,3.33,ET,1738434153
490,afgooye,2.1381,45.1212,296.76,77,67,8.48,SO,1738434154
491,elliot,-31.3333,27.85,289.24,93,14,1.83,ZA,1738434155
492,beau vallon,-20.4189,57.6953,300.28,94,75,5.66,MU,1738434157
493,am timan,11.0297,20.2827,301.34,15,44,2.19,TD,1738434158
494,wulingyuan,29.3494,110.5441,274.39,98,100,0.67,CN,1738434159
495,hobyo,5.3505,48.5268,297.33,79,80,9.63,SO,1738434160
496,sora,41.7157,13.6141,283.48,68,100,1.9,IT,1738434161
497,koster,-25.863,26.8976,296.73,46,48,2.9,ZA,1738434163
498,atasu,48.6814,71.6433,263.25,96,99,5.03,KZ,1738434164
499,puerto yuca,2.9383,-73.2083,306.55,36,90,4.5,CO,1738434165
500,chiungutwa,-10.8833,38.9833,297.66,83,99,1.33,TZ,1738434166
501,ola,59.5833,151.2833,246.46,83,11,3.58,RU,1738434167
502,tshela,-4.9833,12.9333,297.19,95,97,0.79,CD,1738434168
503,neftegorsk,52.802,51.166,273.8,99,100,3.5,RU,1738434170
504,fort st. john,56.2499,-120.8529,247.09,64,20,6.17,CA,1738434171
505,andkhoy,36.9529,65.1238,277.91,59,2,3.35,AF,1738434172
506,tucurui,-3.7661,-49.6725,300.75,84,90,1.83,BR,1738434173
507,tamiahua,21.2667,-97.45,296.71,56,89,3.79,MX,1738434176
508,san fernando de apure,7.8878,-67.4724,308.69,29,93,5.05,VE,1738434177
509,jalai nur,49.45,117.7,242.59,99,15,1.84,CN,1738434178
510,sharkawshchyna,55.3713,27.4706,273.65,84,92,6.77,BY,1738434179
511,kongsberg,59.6652,9.6465,265.48,97,55,1.1,NO,1738434181
512,bardai,11.65,7.2333,298.28,18,99,4.54,NG,1738434182
513,bolu,40.6667,31.5833,280.38,84,35,1.09,TR,1738434183
514,astorga,-23.2325,-51.6656,300.6,66,27,2.43,BR,1738434185
515,huaicheng,23.9051,112.1931,289.43,77,90,1.29,CN,1738434186
516,sinop,41.7711,34.8709,278.87,78,32,1.02,TR,1738434187
517,san patricio,28.017,-97.5169,296.12,28,17,2.2,US,1738434188
518,villa emilio carranza,19.9667,-96.6,294.66,52,100,4.29,MX,1738434190
519,langtoucun,40.0261,124.3286,261.1,89,53,1.81,CN,1738434191
520,road town,18.4167,-64.6167,301.17,69,75,5.14,VG,1738434192
521,genhe,50.7833,121.5167,239.16,100,100,0.55,CN,1738434193
522,north bend,43.4065,-124.2243,281.06,93,100,2.57,US,1738434194
523,ceerigaabo,10.6162,47.368,287.78,52,21,2.02,SO,1738434195
524,ust'-ilimsk,58.0006,102.6619,240.59,100,34,1.03,RU,1738434197
525,pak phanang,8.3511,100.202,296.17,76,100,1.68,TH,1738434198
526,maceio,-9.6658,-35.7353,298.84,88,75,5.14,BR,1738434199
527,masterton,-40.9597,175.6575,287.71,97,92,2.56,NZ,1738434200
528,marsh harbour,26.5412,-77.0636,297.71,72,59,3.41,BS,1738434201
529,ashburton,-37.8626,145.0794,294.83,73,69,0.69,AU,1738434203
530,marshfield,44.6689,-90.1718,266.12,58,100,6.69,US,1738434204
531,bafoulabe,13.8065,-10.8321,304.64,7,0,4.25,ML,1738434205
532,al jawf,29.5,38.75,284.59,45,2,2.49,SA,1738434207
533,novobelokatay,55.7062,58.9549,272.83,96,100,3.82,RU,1738434209
534,makeni,8.8833,-12.05,309.01,12,88,1.67,SL,1738434210
535,yelizovo,53.1873,158.3805,260.23,61,0,2.0,RU,1738434132
536,fredrikstad,59.2181,10.9298,272.36,94,34,0.0,NO,1738434212
537,caraubas,-5.7925,-37.5567,308.6,24,28,2.51,BR,1738434213
538,kuala belait,4.5833,114.1833,296.95,92,99,3.57,BN,1738434215
539,slave lake,55.2834,-114.769,249.14,64,75,10.29,CA,1738434216
540,mount gambier,-37.8333,140.7667,290.31,55,27,1.49,AU,1738434217
541,zarghun shahr,32.8473,68.4457,270.77,37,0,2.21,AF,1738434218
542,champerico,14.3,-91.9167,302.72,60,3,4.35,GT,1738434219
543,saint-joseph,-21.3667,55.6167,301.36,83,63,5.77,RE,1738434221
544,stornoway,58.2093,-6.3865,283.2,82,100,13.89,GB,1738434222
545,amurzet,47.6967,131.0981,248.23,99,66,1.26,RU,1738434223
546,raduzhnyy,62.0961,77.475,254.79,97,100,3.06,RU,1738434225
547,salekhard,66.53,66.6019,251.63,97,100,5.71,RU,1738434226
548,aban,56.67,96.06,242.98,100,22,1.39,RU,1738434227
549,flying fish cove,-10.4217,105.6791,299.97,94,100,6.17,CX,1738434228
550,muang khong,14.1167,105.85,293.96,45,36,0.67,LA,1738434229
551,da nang,16.0678,108.2208,292.14,94,20,1.03,VN,1738434231
552,marshall,34.3834,-86.3333,287.01,77,75,3.09,US,1738434232
553,sandviken,60.6167,16.7667,267.91,98,5,2.16,SE,1738434233
554,ramnagar,29.4,79.1167,287.53,33,0,2.41,IN,1738434235
555,wajir,1.7471,40.0573,305.13,22,0,2.06,KE,1738434236
556,kudat,6.8837,116.8477,300.11,94,85,1.03,MY,1738434238
557,nishinoomote,30.7333,131.0,288.12,77,80,7.21,JP,1738434239
558,las varillas,-31.8721,-62.7195,311.59,14,0,4.49,AR,1738434240
559,puerto armuelles,8.2833,-82.8667,298.76,88,99,2.24,PA,1738434099
560,leer,53.2316,7.461,274.23,95,13,1.28,DE,1738434242
561,keetmanshoop,-26.5833,18.1333,303.12,21,16,10.83,NA,1738434244
562,pades,45.0167,22.85,280.66,64,4,1.57,RO,1738434245
563,kuusamo,65.9667,29.1833,270.17,93,100,3.09,FI,1738434246
564,poronaysk,49.2167,143.1167,256.73,94,100,2.33,RU,1738434247
565,pemangkat,1.1667,108.9667,298.21,88,100,2.82,ID,1738434248
566,sao joao da barra,-21.6403,-41.0511,305.2,87,95,8.27,BR,1738434250
567,shalqar,47.8333,59.6,265.53,100,41,0.38,KZ,1738434251
568,mount isa,-20.7333,139.5,301.02,54,100,5.66,AU,1738434252
569,kocevje,45.6433,14.8633,276.1,94,100,0.91,SI,1738434253
570,toro,4.6117,-76.0814,299.08,63,80,1.47,CO,1738434255
571,richards bay,-28.783,32.0377,298.82,87,81,2.37,ZA,1738434256
572,zharkent,44.1628,80.0,264.75,70,80,2.1,KZ,1738434258
573,san ignacio,17.1561,-89.0714,304.23,55,40,5.14,BZ,1738434259
574,salalah,17.0151,54.0924,294.2,13,0,2.57,OM,1738434261
575,eseka,3.65,10.7667,300.89,65,72,3.16,CM,1738434262
576,zhezqazghan,47.7833,67.7667,266.68,97,100,2.39,KZ,1738434263
577,deniliquin,-35.5333,144.9667,300.5,38,30,6.12,AU,1738434264
578,doba,8.65,16.85,301.22,15,84,1.89,TD,1738434265
579,polavaram,17.2467,81.6439,293.58,88,6,0.94,IN,1738434267
580,fisterra,42.9049,-9.2629,287.04,94,100,0.62,ES,1738434269
581,port douglas,-16.4833,145.4667,300.2,85,97,1.53,AU,1738434271
582,bubaque,11.2833,-15.8333,301.57,44,0,5.47,GW,1738434272
583,quelimane,-17.8786,36.8883,299.98,88,35,3.18,MZ,1738434275
584,akjoujt,19.6969,-14.4164,299.75,10,0,6.62,MR,1738434276
585,sitka,57.0531,-135.33,265.36,62,0,5.4,US,1738434267
586,martaban,16.5314,97.6111,294.41,74,89,1.0,MM,1738434278
587,fonte boa,-2.4959,-66.2662,304.91,53,76,2.36,BR,1738434280
588,taiobeiras,-15.8078,-42.2331,299.2,57,98,2.81,BR,1738434281
589,barra de santo antonio,-9.4047,-35.5072,300.95,71,19,4.94,BR,1738434282
590,lampasas,31.2168,-98.2336,293.87,26,0,4.05,US,1738434283
591,saipan,15.1355,145.701,299.54,90,40,4.63,MP,1738434284
592,novyy urgal,51.0736,132.5642,252.27,100,100,0.5,RU,1738434286
593,paghman,34.5875,68.9533,266.83,49,0,2.52,AF,1738434287
594,la palma,33.8464,-118.0467,291.53,61,40,1.54,US,1738434288
595,bereznik,62.8551,42.7072,273.09,98,100,2.92,RU,1738434289
596,traralgon,-38.1833,146.5333,291.49,78,100,0.93,AU,1738434291
597,waingapu,-9.6567,120.2641,299.85,75,98,6.18,ID,1738434292
598,azna,33.6095,48.9307,278.06,49,100,2.55,IR,1738434293
599,noormarkku,61.5927,21.8685,271.03,86,75,3.6,FI,1738434294
600,morehead city,34.7229,-76.726,292.61,51,0,4.12,US,1738434295
601,tshabong,-26.05,22.45,306.66,16,32,5.49,BW,1738434297
602,ambon,-3.6954,128.1814,301.06,100,100,2.67,ID,1738434298
603,sofifi,0.7349,127.576,298.13,84,100,2.97,ID,1738434299
604,aswan,24.0934,32.907,292.87,25,1,5.35,EG,1738434300
605,papagaios,-19.4492,-44.7478,297.24,79,100,2.86,BR,1738434301
606,el abiodh sidi cheikh,32.893,0.5484,281.78,51,31,5.58,DZ,1738434304
607,kerikeri,-35.2268,173.9474,288.27,95,32,1.97,NZ,1738434305
608,taltal,-25.4,-70.4833,293.91,74,10,1.68,CL,1738434306
609,tolanaro,-25.0319,46.9987,299.19,89,75,2.06,MG,1738434308
